RS	item	label	wd
1001	http://world.squirrel.link/ontology#district_01001	Flensburg	http://www.wikidata.org/entity/Q3798
1002	http://world.squirrel.link/ontology#district_01002	Kiel	http://www.wikidata.org/entity/Q1707
1003	http://world.squirrel.link/ontology#district_01003	Lübeck	http://www.wikidata.org/entity/Q2843
1004	http://world.squirrel.link/ontology#district_01004	Neumünster	http://www.wikidata.org/entity/Q3879
1051	http://world.squirrel.link/ontology#district_01051	Dithmarschen	http://www.wikidata.org/entity/Q2947
1053	http://world.squirrel.link/ontology#district_01053	Herzogtum Lauenburg	http://www.wikidata.org/entity/Q3000
1054	http://world.squirrel.link/ontology#district_01054	Nordfriesland	http://www.wikidata.org/entity/Q2937
1055	http://world.squirrel.link/ontology#district_01055	Ostholstein	http://www.wikidata.org/entity/Q2975
1056	http://world.squirrel.link/ontology#district_01056	Pinneberg	http://www.wikidata.org/entity/Q3006
1057	http://world.squirrel.link/ontology#district_01057	Plön	http://www.wikidata.org/entity/Q2970
1058	http://world.squirrel.link/ontology#district_01058	Rendsburg-Eckernförde	http://www.wikidata.org/entity/Q2967
1059	http://world.squirrel.link/ontology#district_01059	Schleswig-Flensburg	http://www.wikidata.org/entity/Q2941
1060	http://world.squirrel.link/ontology#district_01060	Segeberg	http://www.wikidata.org/entity/Q2980
1061	http://world.squirrel.link/ontology#district_01061	Steinburg	http://www.wikidata.org/entity/Q3011
1062	http://world.squirrel.link/ontology#district_01062	Stormarn	http://www.wikidata.org/entity/Q3003
2000	http://world.squirrel.link/ontology#district_02000	Hamburg	http://www.wikidata.org/entity/Q1055
3101	http://world.squirrel.link/ontology#district_03101	Braunschweig	http://www.wikidata.org/entity/Q2773
3102	http://world.squirrel.link/ontology#district_03102	Salzgitter	http://www.wikidata.org/entity/Q3200
3103	http://world.squirrel.link/ontology#district_03103	Wolfsburg	http://www.wikidata.org/entity/Q3014
3151	http://world.squirrel.link/ontology#district_03151	Gifhorn	http://www.wikidata.org/entity/Q6053
3153	http://world.squirrel.link/ontology#district_03153	Goslar	http://www.wikidata.org/entity/Q6040
3154	http://world.squirrel.link/ontology#district_03154	Helmstedt	http://www.wikidata.org/entity/Q6047
3155	http://world.squirrel.link/ontology#district_03155	Northeim	http://www.wikidata.org/entity/Q6018
3157	http://world.squirrel.link/ontology#district_03157	Peine	http://www.wikidata.org/entity/Q6045
3158	http://world.squirrel.link/ontology#district_03158	Wolfenbüttel	http://www.wikidata.org/entity/Q6041
3159	http://world.squirrel.link/ontology#district_03159	Göttingen	http://www.wikidata.org/entity/Q6022
3241	http://world.squirrel.link/ontology#district_03241	Region Hannover	http://www.wikidata.org/entity/Q5963
3251	http://world.squirrel.link/ontology#district_03251	Diepholz	http://www.wikidata.org/entity/Q5956
3252	http://world.squirrel.link/ontology#district_03252	Hameln-Pyrmont	http://www.wikidata.org/entity/Q5970
3254	http://world.squirrel.link/ontology#district_03254	Hildesheim	http://www.wikidata.org/entity/Q5978
3255	http://world.squirrel.link/ontology#district_03255	Holzminden	http://www.wikidata.org/entity/Q5973
3256	http://world.squirrel.link/ontology#district_03256	Nienburg/Weser	http://www.wikidata.org/entity/Q5958
3257	http://world.squirrel.link/ontology#district_03257	Schaumburg	http://www.wikidata.org/entity/Q5966
3351	http://world.squirrel.link/ontology#district_03351	Celle	http://www.wikidata.org/entity/Q5919
3352	http://world.squirrel.link/ontology#district_03352	Cuxhaven	http://www.wikidata.org/entity/Q5897
3353	http://world.squirrel.link/ontology#district_03353	Harburg	http://www.wikidata.org/entity/Q5907
3354	http://world.squirrel.link/ontology#district_03354	Lüchow-Dannenberg	http://www.wikidata.org/entity/Q5913
3355	http://world.squirrel.link/ontology#district_03355	Lüneburg	http://www.wikidata.org/entity/Q5910
3356	http://world.squirrel.link/ontology#district_03356	Osterholz	http://www.wikidata.org/entity/Q5926
3357	http://world.squirrel.link/ontology#district_03357	Rotenburg (Wümme)	http://www.wikidata.org/entity/Q5923
3358	http://world.squirrel.link/ontology#district_03358	Heidekreis	http://www.wikidata.org/entity/Q5922
3359	http://world.squirrel.link/ontology#district_03359	Stade	http://www.wikidata.org/entity/Q5906
3360	http://world.squirrel.link/ontology#district_03360	Uelzen	http://www.wikidata.org/entity/Q5915
3361	http://world.squirrel.link/ontology#district_03361	Verden	http://www.wikidata.org/entity/Q5927
3401	http://world.squirrel.link/ontology#district_03401	Delmenhorst	http://www.wikidata.org/entity/Q3907
3402	http://world.squirrel.link/ontology#district_03402	Emden	http://www.wikidata.org/entity/Q4174
3403	http://world.squirrel.link/ontology#district_03403	Oldenburg (Oldb)	http://www.wikidata.org/entity/Q2936
3404	http://world.squirrel.link/ontology#district_03404	Osnabrück	http://www.wikidata.org/entity/Q2916
3405	http://world.squirrel.link/ontology#district_03405	Wilhelmshaven	http://www.wikidata.org/entity/Q3857
3451	http://world.squirrel.link/ontology#district_03451	Ammerland	http://www.wikidata.org/entity/Q5947
3452	http://world.squirrel.link/ontology#district_03452	Aurich	http://www.wikidata.org/entity/Q5929
3453	http://world.squirrel.link/ontology#district_03453	Cloppenburg	http://www.wikidata.org/entity/Q5945
3454	http://world.squirrel.link/ontology#district_03454	Emsland	http://www.wikidata.org/entity/Q5936
3455	http://world.squirrel.link/ontology#district_03455	Friesland	http://www.wikidata.org/entity/Q5932
3456	http://world.squirrel.link/ontology#district_03456	Grafschaft Bentheim	http://www.wikidata.org/entity/Q5939
3457	http://world.squirrel.link/ontology#district_03457	Leer	http://www.wikidata.org/entity/Q5934
3458	http://world.squirrel.link/ontology#district_03458	Oldenburg	http://www.wikidata.org/entity/Q5952
3459	http://world.squirrel.link/ontology#district_03459	Osnabrück	http://www.wikidata.org/entity/Q5940
3460	http://world.squirrel.link/ontology#district_03460	Vechta	http://www.wikidata.org/entity/Q5941
3461	http://world.squirrel.link/ontology#district_03461	Wesermarsch	http://www.wikidata.org/entity/Q5948
3462	http://world.squirrel.link/ontology#district_03462	Wittmund	http://www.wikidata.org/entity/Q5931
4011	http://world.squirrel.link/ontology#district_04011	Bremen	http://www.wikidata.org/entity/Q24879
4012	http://world.squirrel.link/ontology#district_04012	Bremerhaven	http://www.wikidata.org/entity/Q2706
5111	http://world.squirrel.link/ontology#district_05111	Düsseldorf	http://www.wikidata.org/entity/Q1718
5112	http://world.squirrel.link/ontology#district_05112	Duisburg	http://www.wikidata.org/entity/Q2100
5113	http://world.squirrel.link/ontology#district_05113	Essen	http://www.wikidata.org/entity/Q2066
5114	http://world.squirrel.link/ontology#district_05114	Krefeld	http://www.wikidata.org/entity/Q2805
5116	http://world.squirrel.link/ontology#district_05116	Mönchengladbach	http://www.wikidata.org/entity/Q2758
5117	http://world.squirrel.link/ontology#district_05117	Mülheim an der Ruhr	http://www.wikidata.org/entity/Q2899
5119	http://world.squirrel.link/ontology#district_05119	Oberhausen	http://www.wikidata.org/entity/Q2838
5120	http://world.squirrel.link/ontology#district_05120	Remscheid	http://www.wikidata.org/entity/Q3097
5122	http://world.squirrel.link/ontology#district_05122	Solingen	http://www.wikidata.org/entity/Q2942
5124	http://world.squirrel.link/ontology#district_05124	Wuppertal	http://www.wikidata.org/entity/Q2107
5154	http://world.squirrel.link/ontology#district_05154	Kleve	http://www.wikidata.org/entity/Q6246
5158	http://world.squirrel.link/ontology#district_05158	Mettmann	http://www.wikidata.org/entity/Q6257
5162	http://world.squirrel.link/ontology#district_05162	Rhein-Kreis Neuss	http://www.wikidata.org/entity/Q6253
5166	http://world.squirrel.link/ontology#district_05166	Viersen	http://www.wikidata.org/entity/Q6249
5170	http://world.squirrel.link/ontology#district_05170	Wesel	http://www.wikidata.org/entity/Q6245
5314	http://world.squirrel.link/ontology#district_05314	Bonn	http://www.wikidata.org/entity/Q586
5315	http://world.squirrel.link/ontology#district_05315	Köln	http://www.wikidata.org/entity/Q365
5316	http://world.squirrel.link/ontology#district_05316	Leverkusen	http://www.wikidata.org/entity/Q2938
5334	http://world.squirrel.link/ontology#district_05334	Städteregion Aachen	http://www.wikidata.org/entity/Q6272
5358	http://world.squirrel.link/ontology#district_05358	Düren	http://www.wikidata.org/entity/Q6275
5362	http://world.squirrel.link/ontology#district_05362	Rhein-Erft-Kreis	http://www.wikidata.org/entity/Q6292
5366	http://world.squirrel.link/ontology#district_05366	Euskirchen	http://www.wikidata.org/entity/Q6280
5370	http://world.squirrel.link/ontology#district_05370	Heinsberg	http://www.wikidata.org/entity/Q6264
5374	http://world.squirrel.link/ontology#district_05374	Oberbergischer Kreis	http://www.wikidata.org/entity/Q6298
5378	http://world.squirrel.link/ontology#district_05378	Rheinisch-Bergischer Kreis	http://www.wikidata.org/entity/Q6295
5382	http://world.squirrel.link/ontology#district_05382	Rhein-Sieg-Kreis	http://www.wikidata.org/entity/Q6287
5512	http://world.squirrel.link/ontology#district_05512	Bottrop	http://www.wikidata.org/entity/Q3069
5513	http://world.squirrel.link/ontology#district_05513	Gelsenkirchen	http://www.wikidata.org/entity/Q2765
5515	http://world.squirrel.link/ontology#district_05515	Münster	http://www.wikidata.org/entity/Q2742
5554	http://world.squirrel.link/ontology#district_05554	Borken	http://www.wikidata.org/entity/Q6191
5558	http://world.squirrel.link/ontology#district_05558	Coesfeld	http://www.wikidata.org/entity/Q6210
5562	http://world.squirrel.link/ontology#district_05562	Recklinghausen	http://www.wikidata.org/entity/Q6214
5566	http://world.squirrel.link/ontology#district_05566	Steinfurt	http://www.wikidata.org/entity/Q6187
5570	http://world.squirrel.link/ontology#district_05570	Warendorf	http://www.wikidata.org/entity/Q2839
5711	http://world.squirrel.link/ontology#district_05711	Bielefeld	http://www.wikidata.org/entity/Q2112
5754	http://world.squirrel.link/ontology#district_05754	Gütersloh	http://www.wikidata.org/entity/Q6218
5758	http://world.squirrel.link/ontology#district_05758	Herford	http://www.wikidata.org/entity/Q6234
5762	http://world.squirrel.link/ontology#district_05762	Höxter	http://www.wikidata.org/entity/Q6228
5766	http://world.squirrel.link/ontology#district_05766	Lippe	http://www.wikidata.org/entity/Q6230
5770	http://world.squirrel.link/ontology#district_05770	Minden-Lübbecke	http://www.wikidata.org/entity/Q6239
5774	http://world.squirrel.link/ontology#district_05774	Paderborn	http://www.wikidata.org/entity/Q6224
5911	http://world.squirrel.link/ontology#district_05911	Bochum	http://www.wikidata.org/entity/Q2103
5913	http://world.squirrel.link/ontology#district_05913	Dortmund	http://www.wikidata.org/entity/Q1295
5914	http://world.squirrel.link/ontology#district_05914	Hagen	http://www.wikidata.org/entity/Q2871
5915	http://world.squirrel.link/ontology#district_05915	Hamm	http://www.wikidata.org/entity/Q2880
5916	http://world.squirrel.link/ontology#district_05916	Herne	http://www.wikidata.org/entity/Q2904
5954	http://world.squirrel.link/ontology#district_05954	Ennepe-Ruhr-Kreis	http://www.wikidata.org/entity/Q11280
5958	http://world.squirrel.link/ontology#district_05958	Hochsauerlandkreis	http://www.wikidata.org/entity/Q5946
5962	http://world.squirrel.link/ontology#district_05962	Märkischer Kreis	http://www.wikidata.org/entity/Q5937
5966	http://world.squirrel.link/ontology#district_05966	Olpe	http://www.wikidata.org/entity/Q5953
5970	http://world.squirrel.link/ontology#district_05970	Siegen-Wittgenstein	http://www.wikidata.org/entity/Q5982
5974	http://world.squirrel.link/ontology#district_05974	Soest	http://www.wikidata.org/entity/Q5965
5978	http://world.squirrel.link/ontology#district_05978	Unna	http://www.wikidata.org/entity/Q6163
6411	http://world.squirrel.link/ontology#district_06411	Darmstadt	http://www.wikidata.org/entity/Q2973
6412	http://world.squirrel.link/ontology#district_06412	Frankfurt am Main	http://www.wikidata.org/entity/Q1794
6413	http://world.squirrel.link/ontology#district_06413	Offenbach am Main	http://www.wikidata.org/entity/Q3042
6414	http://world.squirrel.link/ontology#district_06414	Wiesbaden	http://www.wikidata.org/entity/Q1721
6431	http://world.squirrel.link/ontology#district_06431	Bergstraße	http://www.wikidata.org/entity/Q7917
6432	http://world.squirrel.link/ontology#district_06432	Darmstadt-Dieburg	http://www.wikidata.org/entity/Q7916
6433	http://world.squirrel.link/ontology#district_06433	Groß-Gerau	http://www.wikidata.org/entity/Q7914
6434	http://world.squirrel.link/ontology#district_06434	Hochtaunuskreis	http://www.wikidata.org/entity/Q7908
6435	http://world.squirrel.link/ontology#district_06435	Main-Kinzig-Kreis	http://www.wikidata.org/entity/Q7911
6436	http://world.squirrel.link/ontology#district_06436	Main-Taunus-Kreis	http://www.wikidata.org/entity/Q7909
6437	http://world.squirrel.link/ontology#district_06437	Odenwaldkreis	http://www.wikidata.org/entity/Q7919
6438	http://world.squirrel.link/ontology#district_06438	Offenbach	http://www.wikidata.org/entity/Q7912
6439	http://world.squirrel.link/ontology#district_06439	Rheingau-Taunus-Kreis	http://www.wikidata.org/entity/Q7907
6440	http://world.squirrel.link/ontology#district_06440	Wetteraukreis	http://www.wikidata.org/entity/Q7910
6531	http://world.squirrel.link/ontology#district_06531	Gießen	http://www.wikidata.org/entity/Q7904
6532	http://world.squirrel.link/ontology#district_06532	Lahn-Dill-Kreis	http://www.wikidata.org/entity/Q7905
6533	http://world.squirrel.link/ontology#district_06533	Limburg-Weilburg	http://www.wikidata.org/entity/Q7906
6534	http://world.squirrel.link/ontology#district_06534	Marburg-Biedenkopf	http://www.wikidata.org/entity/Q7902
6535	http://world.squirrel.link/ontology#district_06535	Vogelsbergkreis	http://www.wikidata.org/entity/Q7901
6611	http://world.squirrel.link/ontology#district_06611	Kassel	http://www.wikidata.org/entity/Q2865
6631	http://world.squirrel.link/ontology#district_06631	Fulda	http://www.wikidata.org/entity/Q7899
6632	http://world.squirrel.link/ontology#district_06632	Hersfeld-Rotenburg	http://www.wikidata.org/entity/Q7898
6633	http://world.squirrel.link/ontology#district_06633	Kassel	http://www.wikidata.org/entity/Q7890
6634	http://world.squirrel.link/ontology#district_06634	Schwalm-Eder-Kreis	http://www.wikidata.org/entity/Q7894
6635	http://world.squirrel.link/ontology#district_06635	Waldeck-Frankenberg	http://www.wikidata.org/entity/Q7893
6636	http://world.squirrel.link/ontology#district_06636	Werra-Meißner-Kreis	http://www.wikidata.org/entity/Q7896
7111	http://world.squirrel.link/ontology#district_07111	Koblenz	http://www.wikidata.org/entity/Q3104
7131	http://world.squirrel.link/ontology#district_07131	Ahrweiler	http://www.wikidata.org/entity/Q8596
7132	http://world.squirrel.link/ontology#district_07132	Altenkirchen (Westerwald)	http://www.wikidata.org/entity/Q8608
7133	http://world.squirrel.link/ontology#district_07133	Bad Kreuznach	http://www.wikidata.org/entity/Q8572
7134	http://world.squirrel.link/ontology#district_07134	Birkenfeld	http://www.wikidata.org/entity/Q8575
7135	http://world.squirrel.link/ontology#district_07135	Cochem-Zell	http://www.wikidata.org/entity/Q8590
7137	http://world.squirrel.link/ontology#district_07137	Mayen-Koblenz	http://www.wikidata.org/entity/Q8593
7138	http://world.squirrel.link/ontology#district_07138	Neuwied	http://www.wikidata.org/entity/Q8606
7140	http://world.squirrel.link/ontology#district_07140	Rhein-Hunsrück-Kreis	http://www.wikidata.org/entity/Q8574
7141	http://world.squirrel.link/ontology#district_07141	Rhein-Lahn-Kreis	http://www.wikidata.org/entity/Q8601
7143	http://world.squirrel.link/ontology#district_07143	Westerwaldkreis	http://www.wikidata.org/entity/Q8602
7211	http://world.squirrel.link/ontology#district_07211	Trier	http://www.wikidata.org/entity/Q3138
7231	http://world.squirrel.link/ontology#district_07231	Bernkastel-Wittlich	http://www.wikidata.org/entity/Q8585
7232	http://world.squirrel.link/ontology#district_07232	Eifelkreis Bitburg-Prüm	http://www.wikidata.org/entity/Q8580
7233	http://world.squirrel.link/ontology#district_07233	Vulkaneifel	http://www.wikidata.org/entity/Q8583
7235	http://world.squirrel.link/ontology#district_07235	Trier-Saarburg	http://www.wikidata.org/entity/Q8579
7311	http://world.squirrel.link/ontology#district_07311	Frankenthal (Pfalz)	http://www.wikidata.org/entity/Q6905
7312	http://world.squirrel.link/ontology#district_07312	Kaiserslautern	http://www.wikidata.org/entity/Q3758
7313	http://world.squirrel.link/ontology#district_07313	Landau in der Pfalz	http://www.wikidata.org/entity/Q7052
7314	http://world.squirrel.link/ontology#district_07314	Ludwigshafen am Rhein	http://www.wikidata.org/entity/Q2910
7315	http://world.squirrel.link/ontology#district_07315	Mainz	http://www.wikidata.org/entity/Q1720
7316	http://world.squirrel.link/ontology#district_07316	Neustadt an der Weinstraße	http://www.wikidata.org/entity/Q4149
7317	http://world.squirrel.link/ontology#district_07317	Pirmasens	http://www.wikidata.org/entity/Q14849
7318	http://world.squirrel.link/ontology#district_07318	Speyer	http://www.wikidata.org/entity/Q6829
7319	http://world.squirrel.link/ontology#district_07319	Worms	http://www.wikidata.org/entity/Q3852
7320	http://world.squirrel.link/ontology#district_07320	Zweibrücken	http://www.wikidata.org/entity/Q16017
7331	http://world.squirrel.link/ontology#district_07331	Alzey-Worms	http://www.wikidata.org/entity/Q8566
7332	http://world.squirrel.link/ontology#district_07332	Bad Dürkheim	http://www.wikidata.org/entity/Q8557
7333	http://world.squirrel.link/ontology#district_07333	Donnersbergkreis	http://www.wikidata.org/entity/Q8564
7334	http://world.squirrel.link/ontology#district_07334	Germersheim	http://www.wikidata.org/entity/Q8543
7335	http://world.squirrel.link/ontology#district_07335	Kaiserslautern	http://www.wikidata.org/entity/Q8559
7336	http://world.squirrel.link/ontology#district_07336	Kusel	http://www.wikidata.org/entity/Q8562
7337	http://world.squirrel.link/ontology#district_07337	Südliche Weinstraße	http://www.wikidata.org/entity/Q8551
7338	http://world.squirrel.link/ontology#district_07338	Rhein-Pfalz-Kreis	http://www.wikidata.org/entity/Q8554
7339	http://world.squirrel.link/ontology#district_07339	Mainz-Bingen	http://www.wikidata.org/entity/Q8569
7340	http://world.squirrel.link/ontology#district_07340	Südwestpfalz	http://www.wikidata.org/entity/Q8552
8111	http://world.squirrel.link/ontology#district_08111	Stuttgart	http://www.wikidata.org/entity/Q1022
8115	http://world.squirrel.link/ontology#district_08115	Böblingen	http://www.wikidata.org/entity/Q8536
8116	http://world.squirrel.link/ontology#district_08116	Esslingen	http://www.wikidata.org/entity/Q8533
8117	http://world.squirrel.link/ontology#district_08117	Göppingen	http://www.wikidata.org/entity/Q8525
8118	http://world.squirrel.link/ontology#district_08118	Ludwigsburg	http://www.wikidata.org/entity/Q8541
8119	http://world.squirrel.link/ontology#district_08119	Rems-Murr-Kreis	http://www.wikidata.org/entity/Q8528
8121	http://world.squirrel.link/ontology#district_08121	Heilbronn	http://www.wikidata.org/entity/Q715
8125	http://world.squirrel.link/ontology#district_08125	Heilbronn	http://www.wikidata.org/entity/Q7166
8126	http://world.squirrel.link/ontology#district_08126	Hohenlohekreis	http://www.wikidata.org/entity/Q8518
8127	http://world.squirrel.link/ontology#district_08127	Schwäbisch Hall	http://www.wikidata.org/entity/Q8520
8128	http://world.squirrel.link/ontology#district_08128	Main-Tauber-Kreis	http://www.wikidata.org/entity/Q8517
8135	http://world.squirrel.link/ontology#district_08135	Heidenheim	http://www.wikidata.org/entity/Q8523
8136	http://world.squirrel.link/ontology#district_08136	Ostalbkreis	http://www.wikidata.org/entity/Q8522
8211	http://world.squirrel.link/ontology#district_08211	Baden-Baden	http://www.wikidata.org/entity/Q4100
8212	http://world.squirrel.link/ontology#district_08212	Karlsruhe	http://www.wikidata.org/entity/Q1040
8215	http://world.squirrel.link/ontology#district_08215	Karlsruhe	http://www.wikidata.org/entity/Q8178
8216	http://world.squirrel.link/ontology#district_08216	Rastatt	http://www.wikidata.org/entity/Q8182
8221	http://world.squirrel.link/ontology#district_08221	Heidelberg	http://www.wikidata.org/entity/Q2966
8222	http://world.squirrel.link/ontology#district_08222	Mannheim	http://www.wikidata.org/entity/Q2119
8225	http://world.squirrel.link/ontology#district_08225	Neckar-Odenwald-Kreis	http://www.wikidata.org/entity/Q8174
8226	http://world.squirrel.link/ontology#district_08226	Rhein-Neckar-Kreis	http://www.wikidata.org/entity/Q8177
8231	http://world.squirrel.link/ontology#district_08231	Pforzheim	http://www.wikidata.org/entity/Q3046
8235	http://world.squirrel.link/ontology#district_08235	Calw	http://www.wikidata.org/entity/Q8186
8236	http://world.squirrel.link/ontology#district_08236	Enzkreis	http://www.wikidata.org/entity/Q8184
8237	http://world.squirrel.link/ontology#district_08237	Freudenstadt	http://www.wikidata.org/entity/Q8189
8311	http://world.squirrel.link/ontology#district_08311	Freiburg im Breisgau	http://www.wikidata.org/entity/Q2833
8315	http://world.squirrel.link/ontology#district_08315	Breisgau-Hochschwarzwald	http://www.wikidata.org/entity/Q8195
8316	http://world.squirrel.link/ontology#district_08316	Emmendingen	http://www.wikidata.org/entity/Q8193
8317	http://world.squirrel.link/ontology#district_08317	Ortenaukreis	http://www.wikidata.org/entity/Q8191
8325	http://world.squirrel.link/ontology#district_08325	Rottweil	http://www.wikidata.org/entity/Q8211
8326	http://world.squirrel.link/ontology#district_08326	Schwarzwald-Baar-Kreis	http://www.wikidata.org/entity/Q8203
8327	http://world.squirrel.link/ontology#district_08327	Tuttlingen	http://www.wikidata.org/entity/Q8208
8335	http://world.squirrel.link/ontology#district_08335	Konstanz	http://www.wikidata.org/entity/Q8206
8336	http://world.squirrel.link/ontology#district_08336	Lörrach	http://www.wikidata.org/entity/Q8198
8337	http://world.squirrel.link/ontology#district_08337	Waldshut	http://www.wikidata.org/entity/Q8200
8415	http://world.squirrel.link/ontology#district_08415	Reutlingen	http://www.wikidata.org/entity/Q8217
8416	http://world.squirrel.link/ontology#district_08416	Tübingen	http://www.wikidata.org/entity/Q8214
8417	http://world.squirrel.link/ontology#district_08417	Zollernalbkreis	http://www.wikidata.org/entity/Q8233
8421	http://world.squirrel.link/ontology#district_08421	Ulm	http://www.wikidata.org/entity/Q3012
8425	http://world.squirrel.link/ontology#district_08425	Alb-Donau-Kreis	http://www.wikidata.org/entity/Q8221
8426	http://world.squirrel.link/ontology#district_08426	Biberach	http://www.wikidata.org/entity/Q8223
8435	http://world.squirrel.link/ontology#district_08435	Bodenseekreis	http://www.wikidata.org/entity/Q8228
8436	http://world.squirrel.link/ontology#district_08436	Ravensburg	http://www.wikidata.org/entity/Q8225
8437	http://world.squirrel.link/ontology#district_08437	Sigmaringen	http://www.wikidata.org/entity/Q8230
9161	http://world.squirrel.link/ontology#district_09161	Ingolstadt	http://www.wikidata.org/entity/Q3004
9162	http://world.squirrel.link/ontology#district_09162	München	http://www.wikidata.org/entity/Q1726
9163	http://world.squirrel.link/ontology#district_09163	Rosenheim	http://www.wikidata.org/entity/Q4007
9171	http://world.squirrel.link/ontology#district_09171	Altötting	http://www.wikidata.org/entity/Q10533
9172	http://world.squirrel.link/ontology#district_09172	Berchtesgadener Land	http://www.wikidata.org/entity/Q10530
9173	http://world.squirrel.link/ontology#district_09173	Bad Tölz-Wolfratshausen	http://www.wikidata.org/entity/Q10522
9174	http://world.squirrel.link/ontology#district_09174	Dachau	http://www.wikidata.org/entity/Q10500
9175	http://world.squirrel.link/ontology#district_09175	Ebersberg	http://www.wikidata.org/entity/Q10541
9176	http://world.squirrel.link/ontology#district_09176	Eichstätt	http://www.wikidata.org/entity/Q10491
9177	http://world.squirrel.link/ontology#district_09177	Erding	http://www.wikidata.org/entity/Q10539
9178	http://world.squirrel.link/ontology#district_09178	Freising	http://www.wikidata.org/entity/Q10497
9179	http://world.squirrel.link/ontology#district_09179	Fürstenfeldbruck	http://www.wikidata.org/entity/Q10502
9180	http://world.squirrel.link/ontology#district_09180	Garmisch-Partenkirchen	http://www.wikidata.org/entity/Q10518
9181	http://world.squirrel.link/ontology#district_09181	Landsberg am Lech	http://www.wikidata.org/entity/Q10507
9182	http://world.squirrel.link/ontology#district_09182	Miesbach	http://www.wikidata.org/entity/Q10523
9183	http://world.squirrel.link/ontology#district_09183	Mühldorf a. Inn	http://www.wikidata.org/entity/Q10537
9184	http://world.squirrel.link/ontology#district_09184	München	http://www.wikidata.org/entity/Q10544
9185	http://world.squirrel.link/ontology#district_09185	Neuburg-Schrobenhausen	http://www.wikidata.org/entity/Q10493
9186	http://world.squirrel.link/ontology#district_09186	Pfaffenhofen a.d. Ilm	http://www.wikidata.org/entity/Q10496
9187	http://world.squirrel.link/ontology#district_09187	Rosenheim	http://www.wikidata.org/entity/Q10526
9188	http://world.squirrel.link/ontology#district_09188	Starnberg	http://www.wikidata.org/entity/Q10504
9189	http://world.squirrel.link/ontology#district_09189	Traunstein	http://www.wikidata.org/entity/Q10528
9190	http://world.squirrel.link/ontology#district_09190	Weilheim-Schongau	http://www.wikidata.org/entity/Q10516
9261	http://world.squirrel.link/ontology#district_09261	Landshut	http://www.wikidata.org/entity/Q3974
9262	http://world.squirrel.link/ontology#district_09262	Passau	http://www.wikidata.org/entity/Q4190
9263	http://world.squirrel.link/ontology#district_09263	Straubing	http://www.wikidata.org/entity/Q7027
9271	http://world.squirrel.link/ontology#district_09271	Deggendorf	http://www.wikidata.org/entity/Q10485
9272	http://world.squirrel.link/ontology#district_09272	Freyung-Grafenau	http://www.wikidata.org/entity/Q10487
9273	http://world.squirrel.link/ontology#district_09273	Kelheim	http://www.wikidata.org/entity/Q10474
9274	http://world.squirrel.link/ontology#district_09274	Landshut	http://www.wikidata.org/entity/Q10475
9275	http://world.squirrel.link/ontology#district_09275	Passau	http://www.wikidata.org/entity/Q10489
9276	http://world.squirrel.link/ontology#district_09276	Regen	http://www.wikidata.org/entity/Q10483
9277	http://world.squirrel.link/ontology#district_09277	Rottal-Inn	http://www.wikidata.org/entity/Q10477
9278	http://world.squirrel.link/ontology#district_09278	Straubing-Bogen	http://www.wikidata.org/entity/Q10482
9279	http://world.squirrel.link/ontology#district_09279	Dingolfing-Landau	http://www.wikidata.org/entity/Q10480
9361	http://world.squirrel.link/ontology#district_09361	Amberg	http://www.wikidata.org/entity/Q7042
9362	http://world.squirrel.link/ontology#district_09362	Regensburg	http://www.wikidata.org/entity/Q2978
9363	http://world.squirrel.link/ontology#district_09363	Weiden i.d. OPf.	http://www.wikidata.org/entity/Q14803
9371	http://world.squirrel.link/ontology#district_09371	Amberg-Sulzbach	http://www.wikidata.org/entity/Q10421
9372	http://world.squirrel.link/ontology#district_09372	Cham	http://www.wikidata.org/entity/Q10424
9373	http://world.squirrel.link/ontology#district_09373	Neumarkt i.d. OPf.	http://www.wikidata.org/entity/Q10427
9374	http://world.squirrel.link/ontology#district_09374	Neustadt a.d. Waldnaab	http://www.wikidata.org/entity/Q10420
9375	http://world.squirrel.link/ontology#district_09375	Regensburg	http://www.wikidata.org/entity/Q10429
9376	http://world.squirrel.link/ontology#district_09376	Schwandorf	http://www.wikidata.org/entity/Q10423
9377	http://world.squirrel.link/ontology#district_09377	Tirschenreuth	http://www.wikidata.org/entity/Q10419
9461	http://world.squirrel.link/ontology#district_09461	Bamberg	http://www.wikidata.org/entity/Q3936
9462	http://world.squirrel.link/ontology#district_09462	Bayreuth	http://www.wikidata.org/entity/Q3923
9463	http://world.squirrel.link/ontology#district_09463	Coburg	http://www.wikidata.org/entity/Q14821
9464	http://world.squirrel.link/ontology#district_09464	Hof	http://www.wikidata.org/entity/Q6938
9471	http://world.squirrel.link/ontology#district_09471	Bamberg	http://www.wikidata.org/entity/Q10444
9472	http://world.squirrel.link/ontology#district_09472	Bayreuth	http://www.wikidata.org/entity/Q10439
9473	http://world.squirrel.link/ontology#district_09473	Coburg	http://www.wikidata.org/entity/Q10440
9474	http://world.squirrel.link/ontology#district_09474	Forchheim	http://www.wikidata.org/entity/Q10445
9475	http://world.squirrel.link/ontology#district_09475	Hof	http://www.wikidata.org/entity/Q10431
9476	http://world.squirrel.link/ontology#district_09476	Kronach	http://www.wikidata.org/entity/Q10434
9477	http://world.squirrel.link/ontology#district_09477	Kulmbach	http://www.wikidata.org/entity/Q10436
9478	http://world.squirrel.link/ontology#district_09478	Lichtenfels	http://www.wikidata.org/entity/Q10442
9479	http://world.squirrel.link/ontology#district_09479	Wunsiedel i. Fichtelgebirge	http://www.wikidata.org/entity/Q10432
9561	http://world.squirrel.link/ontology#district_09561	Ansbach	http://www.wikidata.org/entity/Q14859
9562	http://world.squirrel.link/ontology#district_09562	Erlangen	http://www.wikidata.org/entity/Q3126
9563	http://world.squirrel.link/ontology#district_09563	Fürth	http://www.wikidata.org/entity/Q3075
9564	http://world.squirrel.link/ontology#district_09564	Nürnberg	http://www.wikidata.org/entity/Q2090
9565	http://world.squirrel.link/ontology#district_09565	Schwabach	http://www.wikidata.org/entity/Q14889
9571	http://world.squirrel.link/ontology#district_09571	Ansbach	http://www.wikidata.org/entity/Q10454
9572	http://world.squirrel.link/ontology#district_09572	Erlangen-Höchstadt	http://www.wikidata.org/entity/Q10447
9573	http://world.squirrel.link/ontology#district_09573	Fürth	http://www.wikidata.org/entity/Q10455
9574	http://world.squirrel.link/ontology#district_09574	Nürnberger Land	http://www.wikidata.org/entity/Q10449
9575	http://world.squirrel.link/ontology#district_09575	Neustadt a.d. Aisch-Bad Windsheim	http://www.wikidata.org/entity/Q10456
9576	http://world.squirrel.link/ontology#district_09576	Roth	http://www.wikidata.org/entity/Q10451
9577	http://world.squirrel.link/ontology#district_09577	Weißenburg-Gunzenhausen	http://www.wikidata.org/entity/Q10453
9661	http://world.squirrel.link/ontology#district_09661	Aschaffenburg	http://www.wikidata.org/entity/Q3942
9662	http://world.squirrel.link/ontology#district_09662	Schweinfurt	http://www.wikidata.org/entity/Q4126
9663	http://world.squirrel.link/ontology#district_09663	Würzburg	http://www.wikidata.org/entity/Q2999
9671	http://world.squirrel.link/ontology#district_09671	Aschaffenburg	http://www.wikidata.org/entity/Q10471
9672	http://world.squirrel.link/ontology#district_09672	Bad Kissingen	http://www.wikidata.org/entity/Q10466
9673	http://world.squirrel.link/ontology#district_09673	Rhön-Grabfeld	http://www.wikidata.org/entity/Q10465
9674	http://world.squirrel.link/ontology#district_09674	Haßberge	http://www.wikidata.org/entity/Q10462
9675	http://world.squirrel.link/ontology#district_09675	Kitzingen	http://www.wikidata.org/entity/Q10459
9676	http://world.squirrel.link/ontology#district_09676	Miltenberg	http://www.wikidata.org/entity/Q10472
9677	http://world.squirrel.link/ontology#district_09677	Main-Spessart	http://www.wikidata.org/entity/Q10469
9678	http://world.squirrel.link/ontology#district_09678	Schweinfurt	http://www.wikidata.org/entity/Q10461
9679	http://world.squirrel.link/ontology#district_09679	Würzburg	http://www.wikidata.org/entity/Q10458
9761	http://world.squirrel.link/ontology#district_09761	Augsburg	http://www.wikidata.org/entity/Q2749
9762	http://world.squirrel.link/ontology#district_09762	Kaufbeuren	http://www.wikidata.org/entity/Q14805
9763	http://world.squirrel.link/ontology#district_09763	Kempten (Allgäu)	http://www.wikidata.org/entity/Q3994
9764	http://world.squirrel.link/ontology#district_09764	Memmingen	http://www.wikidata.org/entity/Q14825
9771	http://world.squirrel.link/ontology#district_09771	Aichach-Friedberg	http://www.wikidata.org/entity/Q10415
9772	http://world.squirrel.link/ontology#district_09772	Augsburg	http://www.wikidata.org/entity/Q10414
9773	http://world.squirrel.link/ontology#district_09773	Dillingen a.d. Donau	http://www.wikidata.org/entity/Q10417
9774	http://world.squirrel.link/ontology#district_09774	Günzburg	http://www.wikidata.org/entity/Q10412
9775	http://world.squirrel.link/ontology#district_09775	Neu-Ulm	http://www.wikidata.org/entity/Q10410
9776	http://world.squirrel.link/ontology#district_09776	Lindau (Bodensee)	http://www.wikidata.org/entity/Q10401
9777	http://world.squirrel.link/ontology#district_09777	Ostallgäu	http://www.wikidata.org/entity/Q10405
9778	http://world.squirrel.link/ontology#district_09778	Unterallgäu	http://www.wikidata.org/entity/Q10408
9779	http://world.squirrel.link/ontology#district_09779	Donau-Ries	http://www.wikidata.org/entity/Q10418
9780	http://world.squirrel.link/ontology#district_09780	Oberallgäu	http://www.wikidata.org/entity/Q10402
10041	http://world.squirrel.link/ontology#district_10041	Regionalverband Saarbrücken	http://www.wikidata.org/entity/Q6805
10042	http://world.squirrel.link/ontology#district_10042	Merzig-Wadern	http://www.wikidata.org/entity/Q6802
10043	http://world.squirrel.link/ontology#district_10043	Neunkirchen	http://www.wikidata.org/entity/Q6799
10044	http://world.squirrel.link/ontology#district_10044	Saarlouis	http://www.wikidata.org/entity/Q6794
10045	http://world.squirrel.link/ontology#district_10045	Saarpfalz-Kreis	http://www.wikidata.org/entity/Q6793
10046	http://world.squirrel.link/ontology#district_10046	St. Wendel	http://www.wikidata.org/entity/Q6789
11000	http://world.squirrel.link/ontology#district_11000	Berlin	http://www.wikidata.org/entity/Q64
12051	http://world.squirrel.link/ontology#district_12051	Brandenburg an der Havel	http://www.wikidata.org/entity/Q3931
12052	http://world.squirrel.link/ontology#district_12052	Cottbus	http://www.wikidata.org/entity/Q3214
12053	http://world.squirrel.link/ontology#district_12053	Frankfurt (Oder)	http://www.wikidata.org/entity/Q4024
12054	http://world.squirrel.link/ontology#district_12054	Potsdam	http://www.wikidata.org/entity/Q1711
12060	http://world.squirrel.link/ontology#district_12060	Barnim	http://www.wikidata.org/entity/Q6115
12061	http://world.squirrel.link/ontology#district_12061	Dahme-Spreewald	http://www.wikidata.org/entity/Q6173
12062	http://world.squirrel.link/ontology#district_12062	Elbe-Elster	http://www.wikidata.org/entity/Q6152
12063	http://world.squirrel.link/ontology#district_12063	Havelland	http://www.wikidata.org/entity/Q6139
12064	http://world.squirrel.link/ontology#district_12064	Märkisch-Oderland	http://www.wikidata.org/entity/Q6181
12065	http://world.squirrel.link/ontology#district_12065	Oberhavel	http://www.wikidata.org/entity/Q6119
12066	http://world.squirrel.link/ontology#district_12066	Oberspreewald-Lausitz	http://www.wikidata.org/entity/Q6156
12067	http://world.squirrel.link/ontology#district_12067	Oder-Spree	http://www.wikidata.org/entity/Q6178
12068	http://world.squirrel.link/ontology#district_12068	Ostprignitz-Ruppin	http://www.wikidata.org/entity/Q6125
12069	http://world.squirrel.link/ontology#district_12069	Potsdam-Mittelmark	http://www.wikidata.org/entity/Q6142
12070	http://world.squirrel.link/ontology#district_12070	Prignitz	http://www.wikidata.org/entity/Q6132
12071	http://world.squirrel.link/ontology#district_12071	Spree-Neiße	http://www.wikidata.org/entity/Q6165
12072	http://world.squirrel.link/ontology#district_12072	Teltow-Fläming	http://www.wikidata.org/entity/Q6146
12073	http://world.squirrel.link/ontology#district_12073	Uckermark	http://www.wikidata.org/entity/Q6109
13003	http://world.squirrel.link/ontology#district_13003	Rostock	http://www.wikidata.org/entity/Q2861
13004	http://world.squirrel.link/ontology#district_13004	Schwerin	http://www.wikidata.org/entity/Q1709
13071	http://world.squirrel.link/ontology#district_13071	Mecklenburgische Seenplatte	http://www.wikidata.org/entity/Q2902
13072	http://world.squirrel.link/ontology#district_13072	Rostock	http://www.wikidata.org/entity/Q2898
13073	http://world.squirrel.link/ontology#district_13073	Vorpommern-Rügen	http://www.wikidata.org/entity/Q2909
13074	http://world.squirrel.link/ontology#district_13074	Nordwestmecklenburg	http://www.wikidata.org/entity/Q2876
13075	http://world.squirrel.link/ontology#district_13075	Vorpommern-Greifswald	http://www.wikidata.org/entity/Q2917
13076	http://world.squirrel.link/ontology#district_13076	Ludwigslust-Parchim	http://www.wikidata.org/entity/Q2905
14511	http://world.squirrel.link/ontology#district_14511	Chemnitz	http://www.wikidata.org/entity/Q2795
14521	http://world.squirrel.link/ontology#district_14521	Erzgebirgskreis	http://www.wikidata.org/entity/Q6339
14522	http://world.squirrel.link/ontology#district_14522	Mittelsachsen	http://www.wikidata.org/entity/Q6328
14523	http://world.squirrel.link/ontology#district_14523	Vogtlandkreis	http://www.wikidata.org/entity/Q6337
14524	http://world.squirrel.link/ontology#district_14524	Zwickau	http://www.wikidata.org/entity/Q6330
14612	http://world.squirrel.link/ontology#district_14612	Dresden	http://www.wikidata.org/entity/Q1731
14625	http://world.squirrel.link/ontology#district_14625	Bautzen	http://www.wikidata.org/entity/Q571947
14626	http://world.squirrel.link/ontology#district_14626	Görlitz	http://www.wikidata.org/entity/Q6317
14627	http://world.squirrel.link/ontology#district_14627	Meißen	http://www.wikidata.org/entity/Q6313
14628	http://world.squirrel.link/ontology#district_14628	Sächsische Schweiz-Osterzgebirge	http://www.wikidata.org/entity/Q6323
14713	http://world.squirrel.link/ontology#district_14713	Leipzig	http://www.wikidata.org/entity/Q2079
14729	http://world.squirrel.link/ontology#district_14729	Leipzig	http://www.wikidata.org/entity/Q6308
14730	http://world.squirrel.link/ontology#district_14730	Nordsachsen	http://www.wikidata.org/entity/Q6301
15001	http://world.squirrel.link/ontology#district_15001	Dessau-Roßlau	http://www.wikidata.org/entity/Q3828
15002	http://world.squirrel.link/ontology#district_15002	Halle (Saale)	http://www.wikidata.org/entity/Q2814
15003	http://world.squirrel.link/ontology#district_15003	Magdeburg	http://www.wikidata.org/entity/Q1733
15081	http://world.squirrel.link/ontology#district_15081	Altmarkkreis Salzwedel	http://www.wikidata.org/entity/Q6061
15082	http://world.squirrel.link/ontology#district_15082	Anhalt-Bitterfeld	http://www.wikidata.org/entity/Q6071
15083	http://world.squirrel.link/ontology#district_15083	Börde	http://www.wikidata.org/entity/Q6064
15084	http://world.squirrel.link/ontology#district_15084	Burgenlandkreis	http://www.wikidata.org/entity/Q6102
15085	http://world.squirrel.link/ontology#district_15085	Harz	http://www.wikidata.org/entity/Q6087
15086	http://world.squirrel.link/ontology#district_15086	Jerichower Land	http://www.wikidata.org/entity/Q6068
15087	http://world.squirrel.link/ontology#district_15087	Mansfeld-Südharz	http://www.wikidata.org/entity/Q6092
15088	http://world.squirrel.link/ontology#district_15088	Saalekreis	http://www.wikidata.org/entity/Q6098
15089	http://world.squirrel.link/ontology#district_15089	Salzlandkreis	http://www.wikidata.org/entity/Q6081
15090	http://world.squirrel.link/ontology#district_15090	Stendal	http://www.wikidata.org/entity/Q6057
15091	http://world.squirrel.link/ontology#district_15091	Wittenberg	http://www.wikidata.org/entity/Q6075
16051	http://world.squirrel.link/ontology#district_16051	Erfurt	http://www.wikidata.org/entity/Q1729
16052	http://world.squirrel.link/ontology#district_16052	Gera	http://www.wikidata.org/entity/Q3750
16053	http://world.squirrel.link/ontology#district_16053	Jena	http://www.wikidata.org/entity/Q3150
16054	http://world.squirrel.link/ontology#district_16054	Suhl	http://www.wikidata.org/entity/Q14891
16055	http://world.squirrel.link/ontology#district_16055	Weimar	http://www.wikidata.org/entity/Q3955
16056	http://world.squirrel.link/ontology#district_16056	Eisenach	http://www.wikidata.org/entity/Q7070
16061	http://world.squirrel.link/ontology#district_16061	Eichsfeld	http://www.wikidata.org/entity/Q7861
16062	http://world.squirrel.link/ontology#district_16062	Nordhausen	http://www.wikidata.org/entity/Q7858
16063	http://world.squirrel.link/ontology#district_16063	Wartburgkreis	http://www.wikidata.org/entity/Q7866
16064	http://world.squirrel.link/ontology#district_16064	Unstrut-Hainich-Kreis	http://www.wikidata.org/entity/Q7864
16065	http://world.squirrel.link/ontology#district_16065	Kyffhäuserkreis	http://www.wikidata.org/entity/Q7862
16066	http://world.squirrel.link/ontology#district_16066	Schmalkalden-Meiningen	http://www.wikidata.org/entity/Q7871
16067	http://world.squirrel.link/ontology#district_16067	Gotha	http://www.wikidata.org/entity/Q7869
16068	http://world.squirrel.link/ontology#district_16068	Sömmerda	http://www.wikidata.org/entity/Q7865
16069	http://world.squirrel.link/ontology#district_16069	Hildburghausen	http://www.wikidata.org/entity/Q7872
16070	http://world.squirrel.link/ontology#district_16070	Ilm-Kreis	http://www.wikidata.org/entity/Q7878
16071	http://world.squirrel.link/ontology#district_16071	Weimarer Land	http://www.wikidata.org/entity/Q7879
16072	http://world.squirrel.link/ontology#district_16072	Sonneberg	http://www.wikidata.org/entity/Q7875
16073	http://world.squirrel.link/ontology#district_16073	Saalfeld-Rudolstadt	http://www.wikidata.org/entity/Q7882
16074	http://world.squirrel.link/ontology#district_16074	Saale-Holzland-Kreis	http://www.wikidata.org/entity/Q7884
16075	http://world.squirrel.link/ontology#district_16075	Saale-Orla-Kreis	http://www.wikidata.org/entity/Q7883
16076	http://world.squirrel.link/ontology#district_16076	Greiz	http://www.wikidata.org/entity/Q7887
16077	http://world.squirrel.link/ontology#district_16077	Altenburger Land	http://www.wikidata.org/entity/Q7888
